producto,unidad,precio_promedio_por_unidad,precio_promedio_por_100,energ_kcal,carbohydrt,lipid_tot,protein,fiber_td,calcium,iron,ironhem,ironnohem,zinc,vit_c,thiamin,riboflavin,niacin,panto_acid,vit_b6,folic_acid,food_folate,vit_b12,vit_a_rae,vit_e,vit_d_iu,vit_k,fa_sat,fa_mono,fa_poly,chole
ACEITE,ML,0.0491,4.9119,666.9816000000001,6.813600000000001,70.11280000000001,3.3116,1.1563999999999999,22.2608,0.7172,0.164375,0.961875,0.411304348,1.1444,0.026956521739130438,0.036666667,1.18625,0.11434782608695651,0.095217391,2.6153846153846154,6.129565217391305,1.5833333333333333,1252.3183333333334,12.495,644.3635294117647,25.520000000000003,12.34233333333333,27.732166666666668,26.766500000000004,39.90724
ACEITE DE OLIVA,ML,0.3002,30.0234,884,0,100,0,0,1,0.56,0,0.56,0,0,0,0,0,0,0,,0,0,0,14.35,,60.2,13.808,72.961,10.523,0
ACEITUNA,GR,0.3081,30.8079,197.6,2.19,20.37,1.46,3.15,106,1.7,0,1.7,0.12,0,0.02,0.01,0.24,0.02,0.03,0,3,0,20,3.81,0,1.4,3.17,23.21,1.93,0
AGUA CON GAS,ML,0.0575,5.7535,0,0,0,0,0,5,0,,,0.1,0,0,0,0,0,0,0,0,0,0,0,0,0,0,0,0,0
AGUA SIN GAS,ML,0.0128,1.2782,0,0,0,0,0,1,0.01,0,0.01,0,0,0,0,0,0,0,0,0,0,0,,,,0,0,0,0
AGUACATE,GR,0.0804,8.0367,116.6,5.798,10.565999999999999,1.518,4.56,7.8,0.29,0,0.29,0.49400000000000005,9.64,0.054000000000000006,0.082,1.444,1.26,0.182,0,52.6,0,6.2,1.675,0,15.75,1.8428,6.442399999999999,1.4624,0
AJO,GR,0.3899,38.9852,241.29296296296295,18.321851851851854,15.05814814814815,9.657037037037037,1.6225925925925926,160.3446153846154,1.4733333333333334,0.078181818,3.0154545454545456,1.2996153846153848,1.693703703703704,0.1025925925925926,0.15185185185185188,1.0433333333333332,0.35250000000000004,0.2862962962962963,1.3415384615384613,15.401111111111113,0.28,25.332962962962963,1.290769230769231,8.348846153846154,2.5573076923076927,3.427259259259259,5.180111111111112,5.148851851851851,19.01474074074074
AJONJOLÍ,GR,0.1757,17.5685,504.55,10.922,50.982000000000006,4.168,2.5840000000000005,224.546,3.2260000000000004,0,4.03,1.722,0.07,0.176,0.064,1.002,0.04,0.176,0,21.328,0.026000000000000002,4.944,5.529999999999999,1.6620000000000001,9.284,6.424799999999999,18.7414,23.796599999999998,0.1538
ALCACHOFA,GR,0.1747,17.4743,67,9.379999999999999,2.7,2.76,8.55,108,1.28,0,1.28,0.49,35.85,0.07,0.07,1.05,0.34,4.659999999999999,0,68,0.01,1,0.19,0,14.8,0.036,0.005,0.064,0
ALCAPARRA,GR,0.3042,30.4246,23,4.89,0.86,2.36,3.2,40,1.67,0,1.67,0.32,4.3,0.02,0.14,0.65,0.03,0.02,0,23,0,7,0.88,0,24.6,0.233,0.063,0.304,0
ALIMENTO PREPARADO PARA NIÑOS,GR,0.1315,13.1467,120.81471153846154,23.97125,1.5357692307692308,2.9960576923076925,1.4094047619047618,95.05191011235954,3.637938144329897,0.1598936170212766,3.5664893617021276,2.0812244897959182,22.902947368421056,0.19482758620689655,0.1769879518072289,2.3192134831460676,0.3375409836065574,0.22067415730337078,15.994077669902914,5.8396923076923075,0.26048192771084333,176.73701149425287,0.5584285714285715,63.95662162162162,5.179827586206896,0.3476923076923077,0.341828125,0.326765625,3.4843026315789474
ALMEJA,GR,0.0558,5.5838,44.6,2.9899999999999998,0.39499999999999996,7.22,0.175,41.480000000000004,1.775,0.68,1.095,0.89,2.5,0.015,0.025,0.29,0.11499999999999999,0.034999999999999996,0,6.5,5.654999999999999,48.5,0.395,1.18,0.2,0.002,0,0.07,15.5
ALMENDRAS,GR,0.4245,42.4548,388.09000000000003,44.86,20.78,9.175999999999998,5.6259999999999994,116.1,3.3299999999999996,0,2.03,1.6759999999999997,0.04,0.268,0.484,3.026,0.4039999999999999,0.254,0,15,0.028000000000000004,12.5,12.013333333333334,11.066666666666668,0.5,4.619999999999999,10.188399999999998,4.872400000000001,0
ALUBIA,GR,0.0727,7.2658,267.43,44.50666666666666,2.6533333333333333,17.05333333333333,10.023333333333333,92.51666666666667,4.576666666666666,0.003333333,4.6499999999999995,2.686666666666666,1.6033333333333335,0.4000000000000001,0.15666666666666665,1.5366666666666668,0.75,0.32,0.02,302.91333333333336,0.01,3.0066666666666664,0.21333333333333335,0.26,4.08,0.5910000000000001,0.7736666666666667,0.9423333333333334,1.0873333333333333
AMARANTO,GR,0.1132,11.32,376,61.23,7.2,16.45,7.5,292,7.9,0,7.9,4.76,0,0,0.32,1.1,1.46,0.3,51.23,22,0,0,0.19,0,0,3.3,2.86,5.74,0
APIO,GR,0.0274,2.7443,69.02,13.69625,1.2962500000000001,0.7375,0.595,19.41,0.26875,0,0.26875,0.11375,10.80375,0.02,0.04875,0.34875,0.2642857142857143,0.060000000000000005,1.7725,8.21875,0.01875,25.3175,0.4585714285714286,1.1385714285714286,10.412857142857144,0.565875,0.32537499999999997,0.29612499999999997,3.1355
ARROZ,GR,0.0286,2.859,215.74666666666667,43.441388888888895,2.5533333333333332,4.4383333333333335,1.6012121212121213,77.10617647058821,3.0324242424242422,0.15870967741935485,2.993225806451613,1.4288235294117646,8.332941176470587,0.21588235294117647,0.2670588235294118,2.9741176470588235,0.5113793103448276,0.24088235294117646,39.65138888888889,8.549032258064516,0.1952941176470588,96.11235294117648,0.8758064516129033,43.8069697,1.615862068965517,0.6465806451612903,0.8510645161290322,0.9785806451612902,3.452727272727273
ATÚN,GR,0.1547,15.4699,185.51,0.14,9.68,24,0.03,163,2.04,0.81,1.22,1.09,0.25,0.05,0.16,8.78,0.49,0.19,0,10.75,5.78,26.5,1.15,160.6,11.8,2.035,3.389,4.094,58.362
AVENA,GR,0.1144,11.4358,278.7477272727273,49.846818181818165,6.365909090909093,6.027272727272727,4.225,154.035,5.9750000000000005,0,6.751176470588235,2.356363636363636,12.955909090909092,0.3181818181818182,0.3076190476190477,3.352272727272727,0.7952631578947368,0.2595454545454545,84.12809523809524,15.719444444444443,0.2013636363636363,120.61954545454546,1.135625,64.9145,2.783333333333333,1.9672631578947368,2.408157894736842,1.345263157894737,4.626619047619047
AZÚCAR,GR,0.0377,3.7695,88.08444444444444,27.715555555555557,0.4255555555555556,1.6222222222222222,0.3244444444444444,44.68,0.2714285714285714,0,0.38,0.30142857142857143,16.785714285714285,0.047142857142857146,0.077142857,0.18142857142857147,0.25142857142857145,0.068571429,0,11.661428571428571,0.15142857142857144,157.82714285714286,0.2914285714285714,10,2.1714285714285713,0.05275,0.077875,0.180875,0.75
BAGRE,GR,0.0817,8.1711,103,0,1.93,15.91,0,32,0.4,0.16,0.24,0.8,0,0.04,0.03,1.7,0.76,0.12,0,10,2.23,15,,500,,0.001,0.001,1.12,20.17
BARRAS DE AVENA,GR,0.2601,26.0097,389,75.47,6.67,6.67,4.6,333,6,,,1.42,0.9,0.5,0.57,6.67,0.63,0.67,54,20,0.08,236,2.25,4,6.9,1.299,1.531,2.559,36
BARRAS DE CEREAL,GR,0.3234,32.3356,396.12,61.894999999999996,13.685,6.8149999999999995,8.225,117.655,5.109999999999999,0,5.109999999999999,3.15,13.95,0.29000000000000004,0.345,4.345000000000001,0.235,0.455,78.24000000000001,14.5,0.145,381,3.29,16,8.25,6.6455,5.683999999999999,1.3559999999999999,14.225000000000001
BASA,GR,0.0995,9.9467,120.91999999999999,0.15,3.835,20.695,0,195.57,0.8049999999999999,0.325,0.48,0.74,0.135,0.125,0.13,3.475,0.785,0.28500000000000003,1.325,8.835,3.5199999999999996,63.38,0.735,449.99,0.505,0.8400000000000001,1.0635,0.9025,43.283
BEBIDAS HIDRATANTES,ML,0.0349,3.4928,22.5,5.62,0,0,0,1.25,0.05,0,0.05,0.01,0.4,0.01,0,0.22,0.05,0.02,608,0,0,0,0,0,0.2,0,0,0,0
BETABEL,GR,0.0296,2.9603,36,8.4175,0.1125,1.215,1.46,11.79,0.795,0,0.7966666666666667,0.26,4.4175,0.03,0.035,0.21000000000000002,0.1175,0.07,0,54.7025,0,1.745,0.0425,0,0.1775,0.020999999999999998,0.02425,0.042749999999999996,0
BLANCO DEL NILO,GR,0.2645,26.4535,96,0,1.7,20.08,0,10,0.56,,,0.33,0,0.04,0.06,3.9,0.49,0.16,0,24,1.58,0,0.4,124,1.4,0.585,0.498,0.363,50
BRÓCOLI,GR,0.0497,4.9697,39.56,5.895999999999999,1.222,2.292,2.064,40.315999999999995,0.574,0,0.5525,0.39,52.474000000000004,0.05,0.10399999999999998,0.6940000000000001,0.5025000000000001,0.13200000000000003,2.932,60.428,0.09,39.176,0.7040000000000001,1.61,79.312,0.7444,0.42800000000000005,0.1728,2.6246
CACAHUATES,GR,0.2129,21.2859,490.4666666666667,50.48,27.44666666666667,10.66,4.233333333333333,67.37666666666667,2.28,0,2.7,2.48,0.7000000000000001,0.19999999999999998,0.2966666666666667,4.29,0.925,0.26,11,54.333333333333336,0.083333333,61.333333333333336,6.31,0,5.366666666666667,8.665666666666667,17.019333333333332,6.869666666666667,3.84
CAFÉ SOLUBLE,GR,0.8356,83.5649,2,0.34,0,0.1,0,4,0.04,0,0.04,0.01,0,0,0,0.24,0,0,0,0,0,0,0,,0,0,0,0,0
CAFÉ TOSTADO Y MOLIDO,GR,0.3172,31.7181,286.22,61.14,0.41,9.89,0,116.22,3.58,0,3.58,0.28,0,0.01,0.06,22.84,0.08,0.02,0,0,0,0,0,0,1.54,0.162,0.032,0.162,0
CAJETA,GR,0.1942,19.4204,441.44000000000005,64.01333333333334,18.76,5.646666666666666,0.31,172.59,0.25,0,0.5,0.41,0.01,0.03,0.06,0.25,0.12,0.02,6.625,2.78,0.06,28.93,5.72,6.715,16.95,4.114,5.937,6.995,13.572333333333333
CALABAZA,GR,0.0306,3.0646,89.0175,7.519166666666667,5.585,3.8866666666666667,1.5527272727272725,31.089166666666667,1.6083333333333332,0,1.68,0.9499999999999998,10.766666666666666,0.061666666666666675,0.0675,0.9258333333333333,0.22999999999999998,0.096,0.034545454545454546,26.83363636363636,0.013333333333333334,96.36083333333333,0.6644444444444444,0.9309090909090909,3.0900000000000003,1.318,1.9435454545454542,2.344363636363636,1.9160000000000001
CALAMAR,GR,0.2057,20.5725,82,1.5,1.1,16.4,0,12,0.5,0.2,0.3,4,0,0.02,0.12,2.17,0.5,0.06,0,5,1.3,10,1.2,0,0,0,0,0,233
CAMARÓN,GR,0.2978,29.7811,90,1.5,1.5,18.1,0,63,1.6,0.64,0.96,1.5,0,0.02,0.03,3.2,0.31,0.16,0,19,1.11,12,1.32,2,0.3,0,0,0.438,128
CANELA,GR,0.8765,87.6522,209,53.163333333333334,1.9133333333333333,3.296666666666667,28.645,667.5,11.66,0,11.66,7.165,11.9,0.655,0.715,9.015,0.36,0.9099999999999999,113.495,12.5,2.5,256.5,1.5,66,17.15,1.0225,1.518,0.979,0
CARNE CERDO,GR,0.1113,11.1349,211,0,10.5,27.69,0,8,0.51,0.2,0.31,1.92,0,0.56,0.25,8.2,,0.56,0,0,0.64,1,0.2,20,0,3.27,5.07,1.58,84
CARNE PAVO,GR,0.1251,12.5064,154,0,8,20.4,0,15,1.4,0.56,0.84,2.2,0,0.06,0.16,4.1,0.81,0.41,8,7,0.4,2,0.09,12,0,2.26,2.34,1.98,73
CARNE POLLO,GR,0.084,8.3955,158.25,0.185,9.27,17.945,0,10.25,3.3200000000000003,1.3299999999999998,1.99,2,5.4,0.115,0.56,6.75,2.17,0.415,3,151.25,4.605,849.25,0.405,5,0.75,2.678,3.0255,1.8555,183.75
CARNE RES,GR,0.1857,18.5693,235,0,13.44,27.06,0,17,2.26,0.9,1.36,5.21,0,0.08,0.22,7.13,,0.62,0,7,1.94,3,0.33,8,1.5,5.58,6,0.59,87
CARNE TERNERA,GR,0.2659,26.5937,151,0,8,19.7,0,11,3,1.2,1.8,3.06,0,0.13,0.24,6.1,1.31,0.23,0,13,1,0,0.26,,,3.4,5.6,0.25,90
CARPA,GR,0.0616,6.1572,122,0,1.02,19.6,0,50,0.9,0.36,0.54,5,0,0.01,0.04,1.5,0.75,0.19,13,15,1,51,0.63,988.24,0.1,0.432,0.419,0.261,77.65
CAZÓN,GR,0.1534,15.3362,106,0,0.17,21.15,0,17.94,0.84,0.34,0.5,0.5,0,0.05,0.04,2.4,0.69,0.4,0,3,1.49,70,1,24,0.1,0.1,0.054,0.045,52
CEBOLLA,GR,0.0237,2.3722,115.04384615384615,18.23769230769231,3.1369230769230763,5.0515384615384615,2.802307692307692,42.91384615384615,1.6400000000000001,0.13916666666666666,1.7408333333333335,0.893846154,10.12076923076923,0.11384615384615385,0.1353846153846154,0.6761538461538461,0.4184615384615385,0.36307692307692313,8.844615384615386,29.94,1.6930769230769231,271.5792307692308,0.4946153846153847,2.67,18.563076923076924,0.9683076923076924,1.0744615384615384,0.8354615384615387,18.39707692307692
CEREALES,GR,0.148,14.8032,278.5628571428571,56.62285714285714,3.3542857142857145,5.951428571428571,2.2057142857142855,251.00000000000003,10.918571428571427,0,12.726666666666667,4.874285714285714,44.68142857142857,0.44428571428571434,0.9550000000000001,7.425714285714286,0.626,0.58,77.19714285714285,16.601999999999997,0.5714285714285714,175.374,1.2857142857142858,101.00571428571428,32.112,1.2471666666666668,1.5498,1.5306000000000002,10.9038
CERVEZA,ML,0.3538,35.3805,38.445,5.135,0.0075,0.3075,0.115,5.665,0.065,0,0.065,0.03,1.225,0.0025,0.015,0.34,0.035,0.03,0,4.5775,0.015,0.0925,0.01,0,0.0275,0.001,0.00075,0.00225,0
CHAMPIÑONES,GR,0.1008,10.0766,37.666666666666664,4.623333333333333,1.1933333333333331,2.953333333333333,2.1733333333333333,12.333333333333334,2.28,0,2.55,0.7733333333333333,2.3333333333333335,0.20666666666666667,0.35333333333333333,3.453333333333333,1.4900000000000002,0.083333333,7,15.666666666666666,0,0,0.01,7.666666666666667,0,0.040333333,0.009333333,0.15433333333333332,0
CHARAL,GR,0.142,14.1966,232.88333333333333,4.8500000000000005,4.703333333333334,42.98333333333334,0.27666666666666667,2106.48,1.83,0.61,1.2333333333333334,2.16,4.163333333333333,0.29333333333333333,0.15,3.953333333333333,0.22,0.16,0,9.32,0,25.31,0.57,336.7366666666666,5.25,0.289,0.97,1.329,0
CHAYOTE,GR,0.0364,3.6405,36.21666666666667,7.448888889,0.40444444444444444,1.051111111111111,1.5344444444444445,13.713333333333331,0.5444444444444445,0,0.5875,0.4411111111111111,9.272222222222222,0.030000000000000002,0.033333333,0.5611111111111112,0.24000000000000002,0.11444444444444445,1.327142857142857,39.81333333333333,0.006666667,4.058888888888889,0.22428571428571434,0,4.355714285714286,0.046,0.087555556,0.12944444444444445,0
CHILE FRESCO,GR,0.0634,6.345,61.5,10.49,2.05,2.57,3.83,36.92,2.71,0,2.71,0.45,144.93,0.24,0.15,1.57,0.26,0.42,14.64,16.55,0,390.04,0.83,0,8.8,0.337,0.263,0.465,0
CHILE SECO,GR,0.3681,36.8132,281.85,29.795,12.829999999999998,13.989999999999998,6.645,73.465,4.725,0.305,4.415,2.655,36.355000000000004,0.18,0.58,5.96,0.555,1.3450000000000002,7.67,83,1.195,791.5300000000001,0.49,0,7.4,4.768,4.7755,0.641,28.22
CHILES,GR,0.0897,8.9723,26.62,4.66,0.66,0.51,3.6,26,2.8,0,2.8,0.19,4,0.05,0.01,0.5,0.07,0.21,,14,0,52,1,0,,0,0.03,0.31,0
CHOCOLATE,GR,0.5403,54.0282,362.4646,52.9442,15.975200000000003,4.7054,2.976938775510204,91.03333333333335,3.977021276595745,0,4.1887878787878785,1.9897826086956523,11.157142857142857,0.24704545454545457,0.3366666666666667,2.685227272727273,0.7927027027027027,0.1881818181818182,38.009249999999994,12.282682926829269,0.27681818181818185,108.45511627906976,1.586923076923077,24.504722222222224,4.420487804878048,9.521938775510204,4.563604166666666,1.7770833333333333,10.735422222222223
CHOCOLATE EN TABLILLAS,GR,0.2405,24.0497,427.17,80.64,10.11,3.7,9.71,46,2.8,0,2.8,5,0,0.05,0.09,0.5,,0.03,0,5,0,0,0.36,0,2.2,7.73,7.67,1.43,0
CHORIZO,GR,0.2631,26.3096,262.73625000000004,10.010000000000002,18.78625,12.98125,1.445,30.46875,1.6075,0.33125,1.3825,1.8325,4.592499999999999,0.245,0.18000000000000002,2.74375,0.72875,0.29125,7.401428571428572,17.53875,0.83375,25.6,0.50375,34.5825,2.65375,6.282625,7.765124999999999,2.741625,66.660125
CHUCUMITE,GR,0.25,25,89,0,1,20,0,15.96,0.6,0.24,0.36,0.4,0,0.35,0.07,0.9,0.75,0.4,0,5,0.3,0,0.84,226,0.1,0.342,0.453,1.06,43.65
CHÍA,GR,0.2306,23.0602,536,64,32.8,17.2,27.6,820,16.4,,,6.8,,,,,,,0,,,44,,,,,,,0
CHÍCHARO,GR,0.0531,5.3058,72.73571428571428,11.485714285714286,0.9571428571428572,4.272857142857143,3.128571428571429,49.271428571428565,1.0842857142857143,0,1.01,0.7985714285714286,12.012857142857142,0.11714285714285715,0.091428571,0.9857142857142857,0.14142857142857143,0.1142857142857143,13.907142857142857,33.90857142857143,0.028571428571428574,89.81333333333335,0.12166666666666669,1.2933333333333332,18.346666666666668,0.4997142857142857,0.4454285714285714,0.7064285714285715,2.3918571428571433
CHÍCHAROS,GR,0.0934,9.3374,72.73571428571428,11.485714285714286,0.9571428571428572,4.272857142857143,3.128571428571429,49.271428571428565,1.0842857142857143,0,1.01,0.7985714285714286,12.012857142857142,0.11714285714285715,0.091428571,0.9857142857142857,0.14142857142857143,0.1142857142857143,13.907142857142857,33.90857142857143,0.028571428571428574,89.81333333333335,0.12166666666666669,1.2933333333333332,18.346666666666668,0.4997142857142857,0.4454285714285714,0.7064285714285715,2.3918571428571433
CHÍCHAROS EN LATA,GR,0.0536,5.3579,112.04,14.04,0.84,7.42,4.49,49.73,1.3,0,1.3,1.24,12,0.09,0.05,0.7,0.13,0.17,65.2,44,0,23.5,0.03,0,21.4,0.03,0.04,0.15,0
CIRUELA,GR,0.0792,7.9232,120.70583333333332,28.39333333333333,0.5183333333333334,1.7408333333333335,2.904166666666667,75.89666666666666,1.7666666666666666,0,2.119,0.5136363636363636,6.7825,0.078333333,0.085454545,1.1633333333333333,0.34090909090909094,0.17909090909090908,5.3536363636363635,3.0855555555555556,0.1427272727272727,56.59636363636364,0.2422222222222222,26.88888888888889,11.795555555555556,0.19399999999999998,0.26799999999999996,0.0683,1.6
CIRUELA PASA,GR,0.1672,16.7219,114.4425,27.17,0.54875,1.38875,1.5187499999999998,43.78125,0.92875,0,1.2316666666666667,0.325,1.105,0.034999999999999996,0.10500000000000001,0.7337500000000001,0.2575,0.20500000000000002,0.8612500000000001,2.2985714285714285,0.10875,31.89125,0.2742857142857143,0.3333333333333333,14.251428571428571,0.239,0.31425,0.071875,2
CLAVO,GR,0.3146,31.4608,274,65.53,13,5.97,33.9,632,11.83,0,11.83,2.32,0.2,0.16,0.22,1.56,0.51,0.39,0,25,0,8,8.82,0,141.8,3.952,1.393,3.606,0
COCTEL DE FRUTAS EN ALMÍBAR,GR,0.0871,8.7136,341,85.13,0,0,0.1,8,0.04,,,0.26,1.6,0.03,0.01,0.01,0.01,0,0,0,0,0,0.01,0,0.1,0,0,0,0
COL,GR,0.0352,3.5162,264.9238157894737,38.14052631578948,11.068026315789472,5.095394736842107,2.5376000000000003,72.16635135135135,2.8852857142857142,0.027999999999999997,2.9981999999999998,1.416086956521739,18.65646153846154,0.17955223880597015,0.24602941176470589,1.9249253731343283,0.612280702,0.1643939393939394,26.29111111111111,19.798548387096776,0.19880597014925375,77.53060606060606,1.203225806451613,16.467894736842105,17.751587301587303,6.678424657534247,3.3548750000000003,1.3011267605633803,8.982246376811593
COMBINADO PRIMAVERA,GR,0.097,9.7006,65.86,10.9,1.04,3.21,1.66,27,1.05,0,1.05,0.41,5,0.05,0.05,0.58,0.14,0.08,0,24,0,583,0.29,0,18.2,0.16,1,0.5,0
COMINO,GR,0.7171,71.713,375,44.24,22.27,17.81,10.5,931,66.36,0,66.36,4.8,7.7,0.63,0.33,4.58,,0.44,0,10,0,64,3.33,0,5.4,1.535,14.04,3.279,0
CONCENTRADO DE POLLO,GR,0.877,87.7016,219.98,23.23,10.76,7.56,1.97,190,1.87,0,1.87,0.2,1,0.19,0.38,3.9,0.6,0.1,0,32,0.3,0,0.09,0,0,3.26,0.91,0.45,13
CREMA,GR,0.1065,10.6544,196.94592592592593,18.162037037037035,11.839814814814815,4.998148148148148,0.889622642,132.51792452830188,1.0054716981132077,0.0094,1.0332000000000001,0.8135849056603774,11.43509433962264,0.084716981,0.16264150943396224,1.3177358490566038,0.43235294117647066,0.092075472,19.791346153846156,13.528823529411767,0.25245283018867926,99.94094339622642,1.2345283018867925,25.132692307692306,7.255098039215686,5.250925925925926,3.5759444444444455,1.6847924528301885,24.99311111111111
CREMA,ML,0.1022,10.2233,196.94592592592593,18.162037037037035,11.839814814814815,4.998148148148148,0.889622642,132.51792452830188,1.0054716981132077,0.0094,1.0332000000000001,0.8135849056603774,11.43509433962264,0.084716981,0.16264150943396224,1.3177358490566038,0.43235294117647066,0.092075472,19.791346153846156,13.528823529411767,0.25245283018867926,99.94094339622642,1.2345283018867925,25.132692307692306,7.255098039215686,5.250925925925926,3.5759444444444455,1.6847924528301885,24.99311111111111
CREMA BATIDA,ML,0.0567,5.6694,257,12.49,22.22,3.2,0,101,0.05,,,0.37,0,0.04,0.06,0.07,0.31,0.04,0,3,0.29,188,0.64,16,1.9,13.831,6.418,0.825,76
CREMA DE CACAHUATE,GR,0.1938,19.3806,554.5,28.61,41.97,24.979999999999997,6.6,40,1.9,0,1.9,2.795,0,0.19,0.085,14.149999999999999,1.0950000000000002,0.365,0,76,0,0,7.67,0,0.55,6.6850000000000005,19.637999999999998,11.556000000000001,0
CURVINA,GR,0.0963,9.6277,120.91999999999999,0.15,3.835,20.695,0,195.57,0.8049999999999999,0.325,0.48,0.74,0.135,0.125,0.13,3.475,0.785,0.28500000000000003,1.325,8.835,3.5199999999999996,63.38,0.735,449.99,0.505,0.8400000000000001,1.0635,0.9025,43.283
CÚRCUMA,GR,0.8109,81.0898,58,10.3,0.02,4.13,1.2,51,12.2,0,12.2,0.2,5,0.15,0.21,1.4,,0.3,8.3,,0,0,,,,0,0,0,0
DURAZNO,GR,0.0922,9.2197,64.54090909,15.122727272727273,0.2990909090909091,0.6636363636363637,0.874,22.46,0.6618181818181819,0,0.7230000000000001,0.17727272727272728,14.890000000000002,0.019090909090909092,0.058181818181818196,0.42363636363636364,0.13428571428571429,0.05,2.637,8.639999999999999,0.072727273,12.797272727272729,0.46699999999999997,0.2222222222222222,2.7777777777777777,0.1301,0.0585,0.0395,0.8181818181818182
DURAZNOS EN ALMÍBAR,GR,0.078,7.7987,74.25,17.72,0.06,0.63,0.75,16,0.3,0,0.3,0.09,3,0.01,0.01,0.5,0.05,0.02,3.1,3,0,3,0,0,1.7,0,0,0,0
EJOTE,GR,0.06,5.9992,49.702,6.806,2.04,2.372,2.6020000000000003,38.716,0.772,0,0.776,0.298,9.738,0.066,0.10800000000000001,0.58,0.182,0.092,2.852,29.274,0.046,41.772,0.688,4.564,40.224000000000004,0.359,0.6978000000000001,0.8466000000000001,22.3358
ELOTE,GR,0.0546,5.4587,121.96625,21.93625,3.2956250000000002,3.5,1.9006666666666667,26.508750000000003,0.6643749999999999,0,0.6756249999999999,0.57875,4.293125,0.115,0.080625,1.2843749999999998,0.52125,0.10812500000000001,0.2564285714285714,24.780666666666665,0.057499999999999996,45.115624999999994,0.156,3.7986666666666666,2.418,1.4104375,0.9094374999999999,0.7199375000000001,6.421687500000001
EMPANIZADORES,GR,0.1655,16.549,321.56,74.84,1.07,10.31,2.08,36,3.4,0,3.4,3.4,0,0.32,0.28,2.86,0.55,0.12,190,25,0.35,0,0.08,0,6.6,0,0.8,1.2,0
FLAN,GR,0.1707,17.0677,151.87333333333333,26.406666666666666,3.2533333333333334,4.3566666666666665,0.043333333333333335,60.923333333333325,0.21,0,0.21,0.4766666666666666,0.81,0.033333333,0.18333333333333335,0.086666667,0.36999999999999994,0.036666667,4.489999999999999,6.933333333333334,0.26666666666666666,39.723333333333336,0.16,25.653333333333336,0.275,2.0850000000000004,1.1296666666666666,0.2363333333333333,35.99766666666667
FLORETES DE BRÓCOLI,GR,0.1097,10.9722,39.56,5.895999999999999,1.222,2.292,2.064,40.315999999999995,0.574,0,0.5525,0.39,52.474000000000004,0.05,0.10399999999999998,0.6940000000000001,0.5025000000000001,0.13200000000000003,2.932,60.428,0.09,39.176,0.7040000000000001,1.61,79.312,0.7444,0.42800000000000005,0.1728,2.6246
FRESA,GR,0.1526,15.2558,175.4345,24.066000000000003,2.8539999999999996,2.4625,0.9039999999999999,51.443684210526314,2.8342105263157897,0,3.8192857142857144,1.1310526315789475,22.16105263157895,0.1411111111111111,0.21777777777777774,2.432105263157895,0.5331250000000001,0.2489473684210526,8.112352941,12.911111111111111,0.17833333333333334,82.19842105263157,0.7655555555555555,25.692777777777778,1.7193749999999999,1.591157894736842,0.7754117647058824,0.165,9.489833333333332
FRIJOL,GR,0.0521,5.2139,223.43916666666667,33.07111111111111,5.288611111111111,11.264166666666666,6.096111111,96.20176470588234,3.3634285714285714,0.012285714285714285,3.416,1.598529411764706,5.377647058823529,0.32911764705882357,0.11323529411764707,1.0844117647058824,0.431875,0.20264705882352943,52.65878787878787,181.91242424242424,0.060625,8.345454545454546,0.6367857142857142,3.449393939393939,5.540740741,1.2816666666666663,1.802777777777778,1.8580555555555556,11.628636363636362
FRIJOLES,GR,0.0367,3.667,163.91357142857146,17.904285714285713,7.498571428571429,6.386428571428572,3.2671428571428573,37.7325,1.2153846153846155,0.026153846153846156,1.3438461538461541,0.92,1.3124999999999998,0.14916666666666667,0.083333333,0.7383333333333334,0.26166666666666666,0.095,29.2375,38.90916666666667,0.11,10.615,0.6050000000000001,6.069999999999999,4.629166666666666,2.001214285714286,2.7655000000000003,2.296642857142857,23.30116666666667
FÓRMULA LÁCTEA,GR,0.4565,45.6488,55.67,5.67,3,1.92,0,88.05,0.34,0,0.34,,,0.08,0.08,,0.33,,,,,66.4,,19.6,,1.555,1.173,0.272,
GALLETAS DULCES,GR,0.1496,14.9559,413.81,76.92,10.1,7.23,3,43,2.75,0,2.75,0.64,0,0.35,0.33,3.47,0.38,0.02,42,14,0.05,0,0.12,4,5.9,3.007,5.957,1.129,0
GALLETAS POPULARES,GR,0.1069,10.6866,413.81,76.92,10.1,7.23,3,43,2.75,0,2.75,0.64,0,0.35,0.33,3.47,0.38,0.02,42,14,0.05,0,0.12,4,5.9,3.007,5.957,1.129,0
GALLETAS SALADAS,GR,0.1309,13.0939,458.97,64.18,10.7,8.89,4.21,19,1.6,0,1.6,0.3,0,0.13,0.13,1.1,0.54,0.06,7,17,0,1,1.15,,25.4,2.547,6.968,1.185,0
GARBANZO,GR,0.0769,7.6938,241.5966666666667,33.9425,7.476666666666667,11.016666666666666,7.461666666666667,52.32750000000001,2.95,0.024545454545454547,2.9527272727272726,1.4981818181818183,4.219090909090909,0.18272727272727274,0.12181818181818184,0.84,0.49000000000000005,0.22818181818181815,50.376363636363635,194.09818181818184,0.030000000000000002,17.566363636363636,0.4945454545454547,2.069090909090909,8.759090909090908,2.1519166666666663,2.8998333333333335,2.1356666666666664,7.955363636363635
GELATINA EN POLVO,GR,0.2206,22.0561,58.36,11.45,0.41,2.23,0,0,0.13,0,0.13,0.01,0,0,0.04,0.01,0.01,0,0,3,0,0,0,0,0,0.26,0,0,0
GRANADA,GR,0.1567,15.6673,93.65,20.5,0.9349999999999999,1.935,7.45,10,0.9500000000000001,0,0.9500000000000001,0.1,18,0.02,0.08,0.9,0.38,0.085,0,38,0,8.75,0.1,0,16.4,0.055,0.04,0.05,0
GRANOLA,GR,0.2483,24.831,415.12333333333333,65.64388888888888,14.753888888888888,7.612222222222221,4.325555555555556,79.97666666666667,3.3105555555555557,0,3.876666666666667,1.583888888888889,0.29277777777777775,0.30388888888888893,0.2666666666666667,2.575,0.5118750000000001,0.32333333333333336,24.352941176470587,18.133333333333333,0.1,46.345882352941175,3.177272727272727,7.578999999999999,6.053,5.3485,4.3915,3.970333333333333,0.585388889
GRANOS DE ELOTE,GR,0.1179,11.7867,365,74.26,4.74,9.42,,7,2.71,0,2.71,2.21,0,0.38,0.2,3.63,0.42,0.62,,,0,0,,0,,0.67,1.25,2.16,0
GRASA COMESTIBLE,GR,0.0735,7.3458,884,0,99.97,0,0,1,0.07,0,0.07,0,0,0.02,0,0,0.68,0,0,0,0,0,6.13,0,53.2,24.98,41.186,28.213,0
GUANÁBANA,GR,0.1033,10.3274,66,16.84,0.3,1,3.3,14,0.6,0,0.6,0.1,20.6,0.07,0.05,0.9,0.25,0.06,0,14,0,0,0.08,0,0.4,0.051,0.09,0.069,0
GUARNICIÓN DE VERDURAS,GR,0.0745,7.4494,60,13.09,0.15,2.86,4.4,25,0.82,0,0.82,0.49,3.2,0.07,0.12,0.85,0.15,0.07,,19,0,214,0.38,,23.5,0.031,0.01,0.072,0
GUAYABA,GR,0.0579,5.7909,53.81875,11.54125,0.6025,0.9600000000000001,3.8042857142857143,22.88625,0.3775,0,0.37875000000000003,0.14125000000000001,114.255,0.03125,0.0425,0.5562499999999999,0.21200000000000002,0.06375,2.4499999999999997,9.158333333333333,0.02,14.7,0.18833333333333335,1.5899999999999999,1.068,0.20675,0.078,0.13075,0.563625
HABA,GR,0.1427,14.2736,177.62590909090912,24.52590909090909,4.508636363636364,9.618181818181819,5.713181818181818,39.095454545454544,2.537142857142857,0,2.752105263157895,0.9638095238095239,9.679047619047617,0.14619047619047618,0.11952380952380953,1.4752380952380952,0.35789473684210527,0.1338095238095238,22.722380952380952,80.09949999999999,0.058571429,21.00809523809524,0.4889473684210527,1.8636842105263156,7.987894736842105,0.9615454545454546,2.118727272727273,1.5808181818181817,14.55747619047619
HARINA DE ARROZ,GR,0.0661,6.609,365.23,81.5,1.09,7.5,2.4,10,0.35,0,0.35,0.8,0,0.14,0.02,2.59,0.82,0.44,76,4,0,0,0.11,0,0,0,0.442,0.379,0
HARINA DE MAÍZ,GR,0.0645,6.4515,297,49.27,7.58,8.01,2.4,163,3.32,0,3.32,0.57,0,0.49,0.12,4.19,0.28,0.03,100,19,0,0,0.86,0,4.2,1.225,3.801,2.152,0
HARINA DE TRIGO,GR,0.02,1.996,317.735,57.54,5.915,8.2,0.59,100.175,3.27,0,3.27,3.3049999999999997,0,0.35,0.235,2.75,0.39,0.04,144.015,,0,0,0,0,,2.805,1.9,1.05,0.045
HARINA HOT CAKES,GR,0.0667,6.6725,285.7,55.2,4,8.4,4.1,342,3.05,0,3.05,0.84,0,0.61,0.37,3.76,0.43,0.18,142.5,9,0,0,0.39,0,0.7,1.61,1.09,1.25,0
HELADO,GR,0.1232,12.3159,189.12875,28.52,6.73625,2.87875,1.0325,69.47375,1.0057142857142858,0,1.9366666666666668,0.5328571428571428,1.9957142857142856,0.10571428571428573,0.19285714285714287,0.8914285714285715,0.4800000000000001,0.051428571,0.3333333333333333,8.142857142857142,0.23285714285714285,72.14285714285714,0.255,11.64,1.1833333333333333,3.8325,2.6443333333333334,0.6003333333333333,22.577142857142857
HOJAS DE LAUREL,GR,5.1765,517.6536,313,74.97,8.36,7.61,26.3,834,43,0,43,3.7,46.5,0.01,0.42,2.01,,1.74,0,180,0,309,,0,,2.28,1.64,2.29,0
HUACHINANGO,GR,0.292,29.2005,120.91999999999999,0.15,3.835,20.695,0,195.57,0.8049999999999999,0.325,0.48,0.74,0.135,0.125,0.13,3.475,0.785,0.28500000000000003,1.325,8.835,3.5199999999999996,63.38,0.735,449.99,0.505,0.8400000000000001,1.0635,0.9025,43.283
HUEVO,GR,0.0484,4.8415,187.339,6.963666666666668,11.050999999999997,13.968666666666666,1.025,73.262,2.5276666666666667,0.033793103,2.5475862068965514,1.2531034482758616,2.817586206896552,0.12517241379310345,0.3927586206896553,0.6931034482758622,1.1814814814814816,0.16607142857142862,20.763214285714287,45.06518518518519,1.3560714285714286,128.7265517241379,1.1900000000000002,46.16678571428571,5.964615384615385,3.0545714285714287,4.382000000000001,2.392142857142857,383.5642857142857
JAIBA,GR,0.1904,19.0375,90,0.55,1.19,17.35,0,44,0.8,0.32,0.48,4.3,0,0.12,0.08,2.3499999999999996,0.675,0.155,0,47.5,6.165,326.5,1.84,0,0.3,0,0,0.194,114
JAMAICA,GR,0.2417,24.1678,78.77666666666666,16.88,0.11333333333333333,1.4633333333333332,6.1000000000000005,9.17,0,0,0,0,0,0,0,0,0,0,0,0,0,0,0,0,0,0,0,0,0
JAMÓN,GR,0.2375,23.7517,182,24,6,9,1,121.62,1.15,,,1.66,0.03,0.34,0.31,3.74,0.53,,,,0.52,0,0.76,0,5.9,3,3.108,1.603,17
JARABE P/PREPARAR BEBIDAS,ML,0.0716,7.1608,289.1,58.22,2.96,1.51,1.48,0,0.03,0,0.03,0.06,10,0.01,0.01,0,0,0,0,0,0,0,0,0,0,0,0,0,0
JITOMATE,GR,0.0277,2.7743,91.4525,11.73875,3.5225,5.07625,2.5300000000000002,31.728749999999998,1.6712500000000001,0.11,1.545,0.59375,13.455000000000002,0.09875,0.10125,2.07375,0.355,0.11625,0.41,17.10625,0.0275,31.545,0.46625,1.7200000000000002,12.1775,0.9882500000000001,1.0495,0.961125,5.83275
JUGO DE FRUTA,ML,0.0283,2.8346,43.05200000000001,10.358,0.10600000000000001,0.292,0.188,34.62,0.244,0,0.18999999999999997,0.02,23.302,0.032,0.044,0.06,0.04,0.024,0.845,1.47,0.22200000000000003,43.625,0.835,9.8,0.22499999999999998,0,0.022,0.046,0
JUREL,GR,0.067,6.7043,120.91999999999999,0.15,3.835,20.695,0,195.57,0.8049999999999999,0.325,0.48,0.74,0.135,0.125,0.13,3.475,0.785,0.28500000000000003,1.325,8.835,3.5199999999999996,63.38,0.735,449.99,0.505,0.8400000000000001,1.0635,0.9025,43.283
JÍCAMA,GR,0.0248,2.4773,33.22,7.93,0.12,0.725,3.9400000000000004,14.605,0.55,0,0.55,0.16999999999999998,17.355,0.025,0.03,0.21000000000000002,0.17,0.045,0,10.68,0,2.26,0.36,0,3.525,0.031,0.0115,0.041499999999999995,0
KIWI,GR,0.0962,9.6196,63.22666666666667,15.543333333333335,0.31,0.8833333333333333,2.0533333333333332,21.046666666666667,0.30333333333333334,0,0.30333333333333334,0.14,53.343333333333334,0.033333333,0.033333333,0.3666666666666667,0.13,0.096666667,0.23666666666666666,20.05666666666667,0,11.99,0.67,0,18.429999999999996,0.036666667,0.030000000000000002,0.14533333333333334,0
LECHE CONDENSADA,GR,0.1023,10.2268,313.925,64.265,3.06,7.475,0,0,0.195,0,0.2,0.94,3,0.09,0.42,0.2,0.75,0.05,5.5,11,0.44,53,0.16,8,0.6,2.165,2.3085,0.22,0.34
LECHE EN POLVO,GR,0.1993,19.9294,493.33,39,26,26,0,910,0.47,0,0.47,3.67,8.6,0.28,1.21,0.65,2.27,0.3,37,37,3.25,400,0.58,94,2.2,17,7.924,0.665,97
LECHE EVAPORADA,GR,0.0666,6.661,109.6,10.9,4,7.5,0,261,0.1,0,0.1,0.77,2,0.05,0.32,0.2,0.64,0.05,0.48,8,0.16,54,,30.92,0.5,4.59,2.1,0.17,29
LECHE PASTEURIZADA,ML,0.0293,2.9288,49.04,4.75,2.36,3.05,0,120,0.69,,,0.91,6.85,,0.13,,,,7.78,,0.11,48.6,,19.2,,0.8,,,
LECHE ULTRAPASTEURIZADA,ML,0.0345,3.4514,61.4,5.6,3,3,0,119.6,,,,,,,,,,,,,,,,20,,1.84,,,
LENGUADO,GR,0.179,17.9,76,0,1,16.7,0,12,0.8,0.32,0.48,0.5,0,0.05,0.05,1.7,0.19,0.1,11,5,9,10,0.63,113,0.1,0,0,0,46
LENTEJA,GR,0.0582,5.8167,190.89666666666668,34.065,0.9433333333333334,13.639999999999999,10.838,37.303333333333335,4.168333333333333,0,4.223333333333334,1.9516666666666664,4.79,0.3766666666666667,0.12833333333333333,1.416666666666667,0.9616666666666666,0.27999999999999997,0,244.845,0,1.7149999999999999,0.28600000000000003,0,3.696,0.12416666666666669,0.19266666666666668,0.43100000000000005,0
LIMA,GR,0.0478,4.7771,36.306666666666665,10.146666666666667,0.066666667,0.2633333333333333,0.9333333333333332,14.863333333333335,0.24333333333333332,0,0.355,0.053333333,9.700000000000001,0.01,0.006666667,0.073333333,0.073333333,0.013333333333333334,0,2.6666666666666665,0,0.6666666666666666,0.073333333,0,0.19999999999999998,0.007333333,0.006333333,0.018333333333333333,0
LIMÓN,GR,0.0324,3.2426,345,12,23,21.5,2,22,0.88,,,1.08,0.3,0.085,0.18,6.720000000000001,0.75,0.18,2.5,7,0.39,15.5,0.6200000000000001,3.5,3.5,5,7.5335,4.344,83.5
LINAZA,GR,0.1146,11.4641,346.79,40.2225,18.365,13.905000000000001,12.3675,231.945,3.15,0,3.15,0.6,,0.26,0.215,2.535,,,89.75999999999999,,,,,,,2.23,4.8825,14.3825,0.5
LISA,GR,0.0526,5.2572,112,0,9.36,19.6,0,26,1.8,0.72,1.08,0.6,0,0.07,0.08,5.2,0.76,0.43,0,9,0.22,37,1,61,0.1,0.001,0.001,1.766,49
LOBINA,GR,0.297,29.7,89,0,1,20,0,15.96,0.6,0.24,0.36,0.4,0,0.35,0.07,0.9,0.75,0.4,0,5,0.3,0,0.84,226,0.1,0.342,0.453,1.06,43.65
MAMEY,GR,0.0465,4.6473,61.48,11.495000000000001,1.43,1.41,1.875,47.345,0.44999999999999996,0,0.44999999999999996,0.195,8.745000000000001,0.03,0.085,0.28500000000000003,0.195,0.075,0,10.51,0.16,23.745,0.05,15.73,0.21,0.7985,0.4285,0.12,3.533
MANDARINA,GR,0.0505,5.052,53,13.34,0.31,0.81,1.8,37,0.15,0,0.15,0.07,26.7,0.06,0.04,0.38,0.22,0.08,0,16,0,34,0.2,0,0,0.039,0.06,0.065,0
MANGO,GR,0.0355,3.553,97.33533333333334,16.71,2.0420000000000003,3.3906666666666667,1.1692857142857143,18.76571428571429,0.38642857142857145,0,0.3041666666666667,0.3735714285714286,28.049333333333333,0.042142857,0.056428571,1.292857142857143,0.24692307692307688,0.10153846153846155,1.8186666666666664,21.126923076923074,0.071428571,46.96785714285714,0.6346153846153846,1.2842857142857143,3.11,0.5386428571428572,1.2522307692307693,0.712923077,12.281
MANTECA DE CERDO,GR,0.0971,9.7148,902,0,100,0,0,0,0,,,0,0,0,0,0,0,0,0,0,0,0,2.7,28,0,49.8,41.8,4,109
MANTEQUILLA,GR,0.2766,27.6645,474.674,25.72,40.858,2.3840000000000003,1.416,21.2,2.082,0,0.6525000000000001,0.172,0.8800000000000001,0.2,0.12600000000000003,1.27,0.1875,0.21400000000000002,17.8,4.5,0.09,334.8,1.335,34,4.875,39.394333333333336,17.185999999999996,1.8996666666666666,185
MANZANA,GR,0.0444,4.4384,130.35857142857142,28.26535714285714,1.6367857142857145,1.1160714285714284,1.7923076923076924,60.36884615384615,2.9732142857142856,0.008888889,3.07,2.86,22.326538461538462,0.3073076923076923,0.13119999999999998,2.0632,0.2226315789473684,0.3111999999999999,14.372592592592593,6.630454545454546,0.30041666666666667,54.1404,0.3743478260869565,29.48434782608696,1.1042857142857143,0.7713636363636361,0.7761904761904764,0.2812857142857143,0.49225
MARGARINA,GR,0.1782,17.8249,542.74,1.0599999999999998,59.54666666666666,0.63,0,19,0.046666667,0,0.07,0.006666667,0.033333333,0.006666667,0.023333333333333334,0.006666667,0.055,1.38,0.3333333333333333,1,3.6200000000000006,637.8133333333334,14.546666666666667,54.76333333333333,42.364999999999995,17.202,15.947333333333333,22.493333333333336,0
MAYONESA,GR,0.1309,13.0939,268.4816666666667,10.088333333333333,24.081666666666667,1.92,0.8983333333333334,16.323333333333334,0.5433333333333333,0.011666666666666667,0.5266666666666667,0.31666666666666665,3.41,0.036666667,0.030000000000000002,0.5333333333333333,0.15666666666666668,0.056666667,3.6483333333333334,8.421666666666667,0.265,61.26666666666667,1.7083333333333333,2.388333333333333,62.13666666666666,3.9438333333333326,3.310333333333333,13.387666666666668,85.64066666666668
MAÍZ PALOMERO,GR,0.0468,4.6813,375,71.1,4.6,12.2,3.2,17,1.8,0,1.8,1.9,0,0.6,0.14,2.6,1.08,0.33,0,65.36,0,4.5,0.29,0,1.2,0.5,1.3,2.4,0
MAÍZ POZOLERO,GR,0.0454,4.538,136.69,24.94,2.05,2.69,2.16,,,,,,,,,,,,,,,,,,,0.14,0,0,
MELÓN,GR,0.0357,3.5733,32.25,7.7,0.12,0.57,0.9,10,0.28,0,0.28,0.21,24,0.03,0.02,0.22,0.13,0.1,,,0,33,0.04,0,2.7,0.045,0.003,0.07,0
MERLUZA,GR,0.189,18.9,120.91999999999999,0.15,3.835,20.695,0,195.57,0.8049999999999999,0.325,0.48,0.74,0.135,0.125,0.13,3.475,0.785,0.28500000000000003,1.325,8.835,3.5199999999999996,63.38,0.735,449.99,0.505,0.8400000000000001,1.0635,0.9025,43.283
MERMELADA,GR,0.1069,10.687,262.02375,40.635,10.5375,2.3325,1.25125,28.208750000000002,0.58875,0,0.4916666666666667,0.37250000000000005,6.1275,0.07875,0.08,0.53125,0.23875000000000002,0.04875,15.37125,10.95375,0.095,40.1425,0.9212499999999999,5.623749999999999,3.385,2.96725,4.101875,3.0746249999999993,20.922874999999998
MERO,GR,0.2809,28.0923,226.9975,35.2175,7.5175,9.6825,5.465,344.91,8.1775,0.10333333333333333,8.11,1.5625,16.085,0.3225,0.175,1.6975,0.7033333333333335,0.615,2.6633333333333336,29.796666666666667,0.1925,121.88,0.75,121.58999999999999,2.6550000000000002,2.35625,1.8129999999999997,1.9732500000000002,20.1995
MEZCLA CALIFORNIA,GR,0.0846,8.4645,53,11.5,0.3,2.1,2.5,12,0.6,0,0.6,0.4,5,0.12,0.06,0.9,0.31,0.11,,28,0,403,0,0,,0.1,0.1,0,0
MEZCLA CAMPESINA,GR,0.0985,9.8452,65.86,10.9,1.04,3.21,1.66,27,1.05,0,1.05,0.41,5,0.05,0.05,0.58,0.14,0.08,0,24,0,583,0.29,0,18.2,0.16,1,0.5,0
MIEL DE ABEJA,GR,0.2039,20.3899,320.16,78.61,0,0.15,0.07,20,0.42,0,0.42,0.22,0.5,0.01,0.07,0.2,0.07,0.02,0,2,0,0,0,0,0,0,0,0,0
MOJARRA,GR,0.1106,11.0587,91,0,2.7,16.8,0,15,0.7,0.28,0.42,,0,0.06,0.05,5.4,,,,,,5,,124.14,,1.09,0.611,0.397,4.5
MOLE ROJO EN PASTA,GR,0.1941,19.4108,142,11.54,10.3,2.89,2.8,34,1.22,0,1.22,0.68,6.9,0.3,0.06,1.11,0.23,0.11,0,11,0,14,1.26,,9.4,2.191,4.183,3.427,1
MORTADELA,GR,0.1267,12.6704,243.115,3.8099999999999996,18.75,15.59,0.07,27.43,1.635,0.655,0.98,2.09,4,0.18,0.16,2.875,0.475,0.155,0,4.415,1.375,2.5,0.31,31.5,1.8800000000000001,6.7545,9.243,2.7670000000000003,60.2145
MOSTAZA,GR,0.0984,9.8357,241.4175,19.002499999999998,17.45,6.4025,4.050000000000001,470.5,12.1725,0,16.133333333333333,1.8299999999999998,21.075000000000003,0.36250000000000004,0.63,4.33,0.19333333333333333,0.2725,3.5,8.5,0.0125,16.125,1.7425,1.5,82.225,1.8674999999999997,6.8525,6.645,7.25
NARANJA,GR,0.0394,3.9414,69.82470588235294,16.806470588235296,0.3441176470588236,0.7594117647058822,1.0935294117647056,23.030625,0.30529411764705877,0.015,0.30562500000000004,0.092941176,24.329375,0.048124999999999994,0.023125,0.23249999999999998,0.124375,0.04375,2.5100000000000002,16.430625,0,41.935,0.12999999999999998,1.6484615384615384,0.6284615384615384,0.0210625,0.02925,0.0320625,0
NOPAL,GR,0.0414,4.1425,73.53999999999999,9.164,3.161,2.9650000000000003,2.2510000000000003,127.75099999999998,0.742,0.011,0.7299999999999999,0.43600000000000005,8.233333333333333,0.04,0.077,0.516,0.2677777777777777,0.096666667,8.078,7.6899999999999995,0.10444444444444445,41.30111111111111,0.5155555555555557,7.114444444444445,9.567777777777778,0.6658999999999999,1.0998,1.1606,26.00311111111111
NUEZ,GR,0.614,61.4032,410.65166666666664,37.59666666666667,26.52,7.8933333333333335,3.116666666666667,83.37833333333333,1.3866666666666667,0,1.3866666666666667,1.4283333333333335,0.6716666666666665,0.1416666666666667,0.13999999999999999,1.3916666666666668,0.392,0.15666666666666668,10.495999999999999,40.74166666666667,0.16166666666666665,35.63,0.7683333333333334,9.073333333333332,4.3966666666666665,8.124,6.416666666666667,11.185166666666667,16.8205
ORÉGANO,GR,0.9521,95.2064,364.985,35.35,27.435000000000002,4.895,21.49,816.945,18.634999999999998,0,18.634999999999998,1.395,1.2049999999999998,0.095,0.29000000000000004,2.36,0.52,0.53,0.005,120.27,0.01,92.14500000000001,13.010000000000002,7,323.005,5.591,9.314,11.3575,12.8565
PAN DE CAJA,GR,0.1006,10.0553,242.21333333333334,47.053333333333335,3.08,9.953333333333333,4.93,117.88333333333333,3.63,0,3.63,2.1933333333333334,0.19999999999999998,0.33,0.2233333333333333,3.9333333333333336,0.525,0.12999999999999998,92.57000000000001,37.36,0.093333333,0,0.26,0,0.7333333333333333,0.5909999999999999,0.8109999999999999,1.323,0
PAN DULCE,GR,0.1272,12.7243,395.88,51.19,19.05,4.715,1.555,89,2.18,0,2.18,1.2000000000000002,0.6,0.32,0.155,1.27,0.59,0.045,78.8,26.3,0,2.5,0.29,0,1.6,9.249500000000001,6.314500000000001,3.7845,21
PAPA,GR,0.0298,2.9795,156.81333333333333,19.620222222222225,6.752666666666666,4.372888888888888,1.3754545454545455,54.57727272727273,1.3084090909090909,0.055263157894736854,1.285,0.52,11.354545454545455,0.12818181818181817,0.11000000000000001,1.523409090909091,0.27476190476190476,0.18439024390243905,8.058717949,14.562380952380952,0.11727272727272728,27.756363636363634,1.061904761904762,2.5884210526315785,5.74,1.9452558139534883,2.2844883720930236,2.2964651162790695,12.705477272727272
PAPAS FRITAS Y SIMILARES,GR,0.2956,29.5561,516.03,52.98,31.33,6.09,3.83,0,2.58,0,2.58,0.99,0,0.21,0.07,3.82,0.96,0.32,39.5,29,0,0,10.45,0,22.1,9.97,12.97,6.9,0
PAPAYA,GR,0.0372,3.7169,42.49285714285714,9.252857142857144,0.4,0.6714285714285715,0.7985714285714284,22.572857142857142,0.2285714285714286,0,0.2285714285714286,0.10285714285714287,27.31714285714286,0.022857142857142857,0.034285714,0.16714285714285712,0.16857142857142854,0.03,2.0633333333333335,15.055714285714286,0.045714285714285714,29.594285714285714,0.15,2.6366666666666667,1.8216666666666665,0.25983333333333336,0.11316666666666668,0.042166666666666665,1.014857142857143
PARGO,GR,0.3621,36.2133,103,0,2.59,21.1,0,17,0.8,0.32,0.48,0.7,0,0.09,0.06,2.5,0.75,0.4,0,5,3,32,0.96,408,0.1,0,0,0.46,57.985
PASA (UVA PASA),GR,0.0969,9.6854,410.56875,66.18625,14.75,6.39375,3.7271428571428573,62.4775,2.3,0,2.43,1.2075,0.95,0.15875,0.1625,1.6412499999999999,0.4566666666666666,0.175,7.75,23.375,0.0725,5,2.4183333333333334,0,7.266666666666666,5.7535,7.197875,2.603125,0.625
PASTA PARA SOPA,GR,0.0432,4.3236,362,78.5,1.6,8.4,0.5,63,2.9,0,2.9,0.9,10.3,0.88,0.38,6,1.04,0.11,85,101.93,0,192,,,,0.38,0.5,0.38,33.12
PASTEL PIMIENTO,GR,0.1571,15.711,375,1.73,31.2,22.13,0.1,614,0.42,0,0.42,2.98,2.3,0.03,0.35,0.08,0.49,0.07,0,8,0.7,244,0.29,22,2.9,19.66,8.94,0.99,94
PASTELILLOS Y PAN DULCE EMPAQUETADO,GR,0.2448,24.4785,381.76,51.58,16.5,6.33,0.81,144,3.06,0,3.06,2.2,1.2,0.38,0.22,1.54,0.59,0.06,45.6,40,0,5,0.29,0,1.6,8.489,6.309,4.659,30
PECHUGA DE PAVO,GR,0.2884,28.8369,156.5,2.56,8.415,16.92,0.15,20,5.385,,,2.5949999999999998,16.349999999999998,0.075,0.2,4.135,1.02,0.405,0,6.5,0.865,28,0.11,8,0.4,2.682,2.502,1.979,64
PEPINO,GR,0.0246,2.4609,19.8475,4.7,0.1325,0.6375,1.2974999999999999,15.94,0.325,0,0.325,0.18,7.08,0.03,0.03,0.1175,0.23249999999999998,0.045,0,9.2225,0,4.215,0.0925,0,10.7975,0.02975,0.0075,0.027250000000000003,0
PERA,GR,0.0567,5.6748,112.65875,21.584999999999997,2.4250000000000003,0.99,1.82375,10.99375,1.17625,0,1.17625,0.17375000000000002,7.74625,0.30999999999999994,0.051250000000000004,0.49124999999999996,0.10285714285714286,0.36374999999999996,12.444285714285714,3.9375,0,0.87125,0.37875000000000003,0,4.4125,0.7041428571428571,1.8738571428571427,0.20342857142857143,0.6942857142857143
PERÓN,GR,0.0455,4.5532,261.6025,27.49416666666667,11.8725,11.169166666666667,1.7850000000000001,123.3575,2.1149999999999998,0.28,0.8200000000000001,1.4258333333333333,0.7875,0.3358333333333334,0.24166666666666667,3.5158333333333336,0.5516666666666666,0.11300000000000002,35.333333333333336,30.4,0.68,50.95,0.7283333333333334,6.5,8.009090909090908,4.552333333333333,4.50725,2.2681666666666667,20.145
PILONCILLO,GR,0.0393,3.9258,195.74,49,0,0,0,26.52,2.14,0,2.14,0.035,1,0.015,0.055,0.15,0.07,0.02,0,1,0,0.75,0,0,0,0,0,0.005,0
PIMIENTA,GR,1.0747,107.475,313.6666666666667,29.316666666666666,16.419999999999998,17.796666666666667,9.766666666666667,162.33333333333334,3.8233333333333337,0,9.71,1.1166666666666667,0.19999999999999998,0.093333333,0.18000000000000002,4.86,0.9666666666666667,0.21666666666666665,1.6666666666666667,10.333333333333334,0.26,19.333333333333332,0.7600000000000001,2.3333333333333335,56.9,3.797333333333333,5.268666666666667,3.228666666666667,55.666666666666664
PIMIENTO,GR,0.0773,7.7339,105.69833333333334,4.698333333333333,7.238333333333333,5.966666666666666,1.211666666666667,123.305,0.6266666666666666,0.07,0.5866666666666667,0.86,94.40000000000002,0.051666666666666666,0.12666666666666668,0.7733333333333333,0.26166666666666666,0.19166666666666668,0.5733333333333334,22.12,0.24833333333333332,94.19,0.804,4.523333333333333,4.7700000000000005,4.917199999999999,3.167,0.59575,26.377
PIÑA,GR,0.0322,3.2176,99.30444444444444,17.704444444444444,2.2500000000000004,0.778888889,0.7855555555555556,13.68375,0.5144444444444445,0.03,0.5225,0.14555555555555558,14.399999999999999,0.051250000000000004,0.03375,0.37999999999999995,0.122,0.1,5.944444444444445,8.75,0.01,1.4375,0.23375,2.2857142857142856,1.05,0.5216249999999999,0.9486249999999999,0.694375,0
PIÑA EN ALMÍBAR,GR,0.0851,8.5139,75.13,18.5,0.07,0.19,1.16,27,1.4,0,1.4,0.11,4,0.04,0.02,0.3,0.1,0.3,1.2,5,0,0,0.01,0,0.3,0.01,0.01,0.02,0
PLÁTANO,GR,0.0292,2.9227,89,22.84,0.33,1.09,2.6,5,0.26,0,0.26,0.15,8.7,0.03,0.07,0.67,0.33,0.37,0,20,0,3,0.1,0,0.5,0.112,0.032,0.073,0
POLVO P/HORNEAR,GR,0.1632,16.3196,0,0,0,0,,5000,,,,,,,,,,,,,,,,,,,,,
POLVO P/PREPARAR BEBIDAS SABOR CHOCOLATE,GR,0.1569,15.6943,371.5,86.2,2,3.15,3.75,504,20,0,20,9.35,159,1.81,2.5,22.5,6,0.13,175,6,0,1367,6.05,0,0.9,1.3,2.45,0.62,0
PULPO,GR,0.3461,34.6125,59,0,0.32,12.6,0,39,2.5,1,1.5,1.7,0,0.02,0.07,1.3,0.5,0.36,13,16,2,45,1.2,0,0.1,0,0,0.24,48
PURÉ DE TOMATE,GR,0.0338,3.3767,32.54,6.41,0.19,1.32,0.76,22,0.7,0,0.7,0.22,22,0.07,0.05,1.7,0.44,0.15,0,11,0,166.5,1.97,0,3.4,0.014,0.02,0.04,0
PÁMPANO,GR,0.1958,19.575,194,0,4,15,0,17,0.6,0.24,0.36,0.5,0,0.56,0.12,3,0.75,0.2,0,15,1.3,33,0.18,437.39,0.1,1.399,0.93,1.14,22.91
QUESO AMERICANO,GR,0.2195,21.9465,376,1.6,31.2,22.2,0,616,0.4,0,0.4,2.99,0,0.03,0.35,0.1,0.4,0.07,8,8,0.69,290,0.8,301,3.4,19.69,7.51,0.61,94
QUESO CANASTO,GR,0.1401,14.0055,320.2,5.36,22.49,19.51,0.1,453.83,2.6,0,2.6,2.58,0,0.08,0.49,0.2,0.36,0.08,,7,1.68,224,0.37,108,1,13.72,5.38,0,105
QUESO CHIHUAHUA,GR,0.2864,28.6362,337.61,2.48,27.33,20.41,0,866.66,0.47,0,0.47,3.5,0,0.02,0.23,0.15,0.28,0.06,2,2,1.03,65,0.26,20,2.5,15.64,8.44,0.89,105
QUESO COTIJA,GR,0.1673,16.7331,374,4.63,29.34,25.07,0,680,0.47,0,0.47,2.94,0,0.02,0.21,0.03,0.25,0.05,1,1,1.38,63,0.26,22,2.5,19.03,8.53,0.9,105
QUESO DE PUERCO,GR,0.2483,24.8319,152.015,7.75,9.255,9.41,1.19,26.74,1.385,0.345,1.04,0.955,2.94,0.075,0.14500000000000002,0.985,0.5,0.165,12.715,13.275,0.625,4.44,0.495,20.92,7.7250000000000005,2.42,4.492,1.694,44.347
QUESO DOBLE CREMA,GR,0.1337,13.371,300,4.2,29.2,1.5,0.4,97,0.11,,,0.5,0,0.02,0.23,0.09,0.52,0.06,0,9,0.22,308,0.86,0,2.1,20.7,8.907,1.483,101
QUESO FRESCO,GR,0.2047,20.465,292.43,6.31,20.7,15.43,0.25,134.58,0.1,0,0.1,0.92,0,0.07,0.38,0.43,0.68,0.25,0,12,0.19,407,0.18,20,1.8,16.61,4.807,0.501,46
QUESO MANCHEGO,GR,0.2861,28.6059,276.05,7.319999999999999,20.27,16.02,0.005,462.47,1.05,0.065,0.985,2.715,0,0.115,0.27,0.985,0.335,0.08,30.91,15.370000000000001,0.25,198.68,0.18,24.795,0.33,12.607499999999998,6.798500000000001,0.7989999999999999,83.6095
QUESO OAXACA,GR,0.2414,24.1431,229.47333333333336,3.9299999999999997,16.106666666666666,17.643333333333334,0.2733333333333333,342.20000000000005,2.72,0,2.733333333333333,0.03,0.58,0.076666667,0.6133333333333333,0.22666666666666668,0.62,0.05,0,7.859999999999999,0,219.28333333333333,0.89,1276.81,2.07,9.254,3.7216666666666662,1.586,59.99933333333334
QUESO PANELA,GR,0.2135,21.3537,320.2,5.36,22.49,19.51,0.1,453.83,2.6,0,2.6,2.58,0,0.08,0.49,0.2,0.36,0.08,,7,1.68,224,0.37,108,1,13.72,5.38,0,105
QUESO SIERRA,GR,0.2004,20.0356,307.12,3.67,23.66,19.84,0.2,555.31,0.74,0,0.74,2.53,0.1,0.03,0.34,0.2,0.45,0.08,3.33,14.29,1.12,185.25,0.28,46.2,2.17,14.891,6.749,0.888,106.424
REFRESCO,ML,0.0226,2.261,34.829,8.812999999999999,0,0.015,0.001,4.106,0.065,0,0.081666667,0.038,0.127,0.009,0,0.002222222,0,0,0,0,0,0,0,0,0,0,0,0,0
ROBALITO,GR,0.1826,18.2633,89,0,1,20,0,15.96,0.6,0.24,0.36,0.4,0,0.35,0.07,0.9,0.75,0.4,0,5,0.3,0,0.84,226,0.1,0.342,0.453,1.06,43.65
ROBALO,GR,0.3773,37.7314,89,0,1,20,0,15.96,0.6,0.24,0.36,0.4,0,0.35,0.07,0.9,0.75,0.4,0,5,0.3,0,0.84,226,0.1,0.342,0.453,1.06,43.65
ROMERITOS,GR,0.0164,1.6417,34,4.4,0.2,3.6,2.5,41,2.5,0,2.5,0.93,4,0.12,0.08,0.3,0.8,0.34,0,109,0,155.5,,0,,2.838,1.16,0.901,0
RON,ML,0.5463,54.6298,200.1501851851852,16.121111111111112,9.740370370370371,11.194629629629631,1.1686792452830188,83.93811320754718,2.864074074074074,1.018974358974359,2.3824390243902442,1.01,14.871153846153844,0.124,0.12940000000000002,1.8966,0.3416666666666667,0.11125000000000002,11.543333333333335,13.730714285714287,0.9855102040816328,41.88693878,0.8678260869565217,26.64,4.713181818181818,3.8382941176470586,3.698795918367347,1.885265306122449,32.45302040816326
SAL DE MAR,GR,0.0156,1.5594,197.99612612612611,13.586576576576576,13.1690991,7.250900900900901,2.620272727272727,51.007636363636365,1.4218018018018022,0.13159574468085106,1.432872340425532,0.8218018018018014,6.447363636363637,0.10645454545454548,0.10702702702702704,1.9596396396396394,0.37173076923076925,0.21648648648648647,5.29,24.235462962962966,0.4255454545454545,73.06263636363636,1.8480373831775703,28.720392156862744,15.605047619047621,3.76137963,4.585342592592593,4.022775701,30.756518518518515
SAL MOLIDA DE MESA,GR,0.0251,2.514,197.99612612612611,13.586576576576576,13.1690991,7.250900900900901,2.620272727272727,51.007636363636365,1.4218018018018022,0.13159574468085106,1.432872340425532,0.8218018018018014,6.447363636363637,0.10645454545454548,0.10702702702702704,1.9596396396396394,0.37173076923076925,0.21648648648648647,5.29,24.235462962962966,0.4255454545454545,73.06263636363636,1.8480373831775703,28.720392156862744,15.605047619047621,3.76137963,4.585342592592593,4.022775701,30.756518518518515
SALCHICHA,GR,0.1158,11.5778,232.7991666666667,8.433333333333334,17.645,10.545,0.6191666666666668,99.8275,2.013333333333333,0.5918181818181818,1.3954545454545455,1.5791666666666666,6.209166666666666,0.2125,0.1625,2.29,0.5000000000000001,0.19666666666666668,11.483333333333334,11.953333333333333,0.62,46.16916666666666,0.8418181818181818,18.44545454545454,4.900909090909091,5.6415,7.560916666666667,3.4445833333333327,69.52575
SALMÓN,GR,0.4641,46.4077,131,0,4.69,22.25,0,9,0.43,,,0.46,0,0.13,0.21,8.51,1.07,0.73,0,6,4.69,49,0.83,563,0.1,0.814,1.371,1.115,51
SALSA CATSUP,GR,0.0609,6.0935,105.37,23.84,0.38,0.77,1.26,15,0.35,0,0.35,0.17,4.1,0.01,0.17,1.43,0.05,0.16,0,9,0,26,1.46,0,3,0,0.015,0.041,0
SALSA DE SOYA,ML,0.1375,13.7541,70.4,12.34,0.03,4.6,0.03,107,5.3,0,5.3,0.19,13,0.07,0.13,0.7,,0,0,8,0,5,0.08,0,1,0,0,0,0
SALSA INGLESA,ML,0.2974,29.7412,70.4,12.34,0.03,4.6,0.03,107,5.3,0,5.3,0.19,13,0.07,0.13,0.7,,0,0,8,0,5,0.08,0,1,0,0,0,0
SALSA PICANTE Y SIMILARES,GR,0.1337,13.3724,31.83,5.1,0.63,0.53,0.72,30,0.42,0,0.42,0.18,1.9,0.03,0.03,1.09,0.2,0.17,0,4,0,23,1.23,0,4.3,0.09,0,0,0
SALSA PICANTE Y SIMILARES,ML,0.4261,42.6104,31.83,5.1,0.63,0.53,0.72,30,0.42,0,0.42,0.18,1.9,0.03,0.03,1.09,0.2,0.17,0,4,0,23,1.23,0,4.3,0.09,0,0,0
SANDÍA,GR,0.0153,1.5341,30,7.55,0.15,0.61,0.4,7,0.24,0,0.24,0.1,8.1,0.03,0.02,0.18,0.22,0.05,0,3,0,28,0.05,0,0.1,0.016,0.037,0.05,0
SARDINA,GR,0.0887,8.8682,253.73599999999996,6.948,21.914,13.256,0.282,126.234,3.3600000000000003,1.198,2.164,1.784,1.076,0.068,0.13600000000000004,3.5479999999999996,0.538,0.30599999999999994,13.502,15.05,15.696000000000002,28.458000000000006,2.886,132.34,8.191999999999998,2.3222,6.6408000000000005,8.616,108.521
SEMILLA DE GIRASOL,GR,0.1686,16.8626,584,20,51.46,20.78,8.6,78,5.25,0,5.25,5,1.4,1.48,0.35,8.34,1.13,1.35,0,227,0,3,35.17,0,0,4.455,18.528,23.137,0
SIERRA,GR,0.1209,12.089,203,0,2.75,19.4,0,5,1,0.4,0.6,0.58,0,0.06,0.21,5.8,0.88,0.47,0,1.18,2.82,135,0.69,477.65,0.1,3.6,5.4,0.759,80
SOYA,GR,0.0439,4.3868,252.59538461538457,17.093076923076918,17.05307692307692,12.173846153846158,1.8356000000000001,105.07800000000002,4.026666666666666,0,4.749499999999999,1.4926086956521736,7.653200000000001,0.23304347826086957,0.23125000000000004,1.294782608695652,0.6136842105263158,0.2060869565217391,33.55142857142857,85.11500000000001,0.12333333333333335,26.334545454545456,3.9963157894736847,23.900909090909092,27.025555555555556,2.4692692307692305,5.25004,8.63584,7.961038461538461
SUSTITUTO DE AZÚCAR,GR,0.6497,64.9745,0,50,0,0,0,0,0,,,0,0,0,0,0,0,0,0,0,0,0,0,0,0,0,0,0,0
TAMARINDO,GR,0.1165,11.648,265.04,66.82000000000001,0.5466666666666667,1.6900000000000002,4.013333333333333,34.346666666666664,1.9449999999999998,0,1.9449999999999998,0.07,2.44,0.295,0.105,1.35,0.095,0.05,0,9.665,0,1.5,0.07,0,1.935,0.12666666666666668,0.084333333,0.026999999999999996,0
TEJOCOTE,GR,0.0449,4.49,111.8,26.740000000000002,0.42,0.5650000000000001,1.8850000000000002,76.135,1.185,0,1.2000000000000002,0.01,27.54,0.025,0.04,0.275,0.03,0.01,0,0.23,0,139.88,0,0,0,0,0,0,0
TEQUILA,ML,0.4051,40.5103,231,0,0,0,0,0,0.04,0,0.04,0.04,0,0.01,0,0.01,,0,0,0,0,0,0,,0,0,0,0,0
TILAPIA,GR,0.1366,13.663,96,0,1.7,20.08,0,10,0.56,,,0.33,0,0.04,0.06,3.9,0.49,0.16,0,24,1.58,0,0.4,124,1.4,0.585,0.498,0.363,50
TOCINO AHUMADO,GR,0.4432,44.3235,532,0,57.5,3.7,0,7,0.6,0.24,0.36,1.15,0,0.37,0.1,2.8,0.35,0.14,2,1.35,0.93,0,0.27,16,0,17.28,24.5,6,67
TOMATE,GR,0.0315,3.1494,68.188,8.755999999999998,2.95,3.9493333333333336,1.662666666666667,36.53533333333334,1.8926666666666667,0.188,1.696,0.5646666666666668,17.40266666666667,0.09,0.08,1.6026666666666667,0.3685714285714285,0.128,2.0786666666666664,15.284666666666668,1.8833333333333333,54.52400000000001,0.6664285714285715,14.76857142857143,8.955384615384615,0.5660666666666666,0.7474000000000001,0.7338666666666668,11.1108
TOMILLO,GR,1.1125,111.2537,276,63.94,7.43,9.11,37,1890,123.6,0,123.6,6.18,50,0.51,0.4,4.94,,0.55,0,274,0,190,7.48,0,1714.5,2.73,0.47,1.19,0
TORONJA,GR,0.0385,3.8483,44.30333333333334,10.821666666666667,0.063333333,0.35333333333333333,0.276,9.871666666666666,0.16,0,0.16,0.071666667,22.62,0.026666667,0.013333333333333334,0.16,0.13,0.023333333333333334,4.233333333333333,6.596666666666667,0,14.846666666666666,0.056666667,0,0,0.005666667,0.0055,0.0105,0
TORTILLA DE HARINA DE TRIGO,GR,0.1151,11.5077,298.47,44.08,10.83,5.4,1.13,168.35,2.54,0,2.54,2.61,,0.2,0.17,2,,,88.03,,,,,,,5.11,3.4,1.7,0.09
TORTILLA DE MAÍZ,GR,0.0183,1.8305,199,39.72,2.67,5.1,3.65,103,1.91,0,1.91,1.15,0,0.16,0.07,1.3,,0.22,0,5,0,1.5,0.28,0,0,0.377,0.746,1.41,0
TOSTADAS DE MAÍZ,GR,0.1482,14.8153,455.51,66.37,17.45,8.28,9.72,76,1.53,0,1.53,1.23,,0.35,0.09,1.55,0.19,0.36,,,,,,,,8.7,5.09,4.49,0
TRUCHA,GR,0.2518,25.1833,163,0,1.67,18.3,0,12,1,0.4,0.6,0.5,0,0.05,0.05,2.8,1.94,0.2,13,13,1,17,0.2,155,0.1,0.002,0.004,1.5,17.38
TUNA,GR,0.0415,4.1525,148.6,24.714999999999996,6.960000000000001,1.0225,2.316666666666667,65.5,4.4,0,4.4,0.12,31,0.0625,0.0725,0.6000000000000001,0.02,0.049999999999999996,0,5,0,7.375,1.91,0,1.4,1.079,7.761666666666667,0.7143333333333333,0
TÉ,GR,20.4212,2042.1163,133.74142857142857,20.395714285714288,4.131428571428571,4.911428571428571,2.8771428571428572,41.238571428571426,2.518571428571429,0.08,2.438571428571429,1.6328571428571428,10.06857142857143,0.25142857142857145,0.2671428571428571,3.56,0.9457142857142856,0.3985714285714285,57.15571428571428,33.642857142857146,0.26142857142857145,51.41142857142857,0.4628571428571428,13.904285714285715,4.45,0.7818571428571427,2.1384285714285713,0.795,10.428571428571429
TÉ PREPARADO,ML,0.0324,3.239,0.01,0,0,0,0,9.93,0,0,0,0,0,0,0,0,0,0,0,0.01,0,0.01,0,0,0,0,0,0,0
UVA,GR,0.0837,8.3734,104.94800000000001,19.744,2.895,0.43899999999999995,0.9630000000000001,11.835,0.29999999999999993,0,0.345,0.086666667,18.15222222222222,0.03125,0.19222222222222224,0.18375,0.051250000000000004,0.06,2.9362500000000002,4.907777777777778,0,4.83,0.20428571428571426,0,6.369999999999999,1.0518999999999998,1.1926666666666668,0.8498888888888889,0
VAINILLA,ML,0.106,10.5968,192.34875,26.552500000000002,4.7325,3.6262499999999998,0.4128571428571428,112.33142857142856,3.5357142857142856,0,4.604,1.69,16.787499999999998,0.1457142857142857,0.18000000000000002,2.684285714285714,0.254,0.17285714285714285,16.60625,4.656666666666666,0.312,80.97857142857143,0.09,66.63166666666666,0.196,2.605,1.9086666666666667,0.7363333333333332,21.376666666666665
VERDOLAGA,GR,0.04,3.9989,77.735,12.02,2.71,2.26,1.04,62.635000000000005,1.745,0,1.76,0.29,14.19,0.07,0.085,0.515,0.07,0.055,0,8.375,0,6.83,0.82,0,3.77,0.409,1.527,2.142,0
VINAGRE,ML,0.0186,1.8649,34.11,4.026666666666666,1.0566666666666666,1.0166666666666666,1.4333333333333333,13.666666666666666,0.41333333333333333,0,0.41333333333333333,0.3233333333333333,1.7333333333333334,0.036666666666666674,0.13,0.8233333333333333,0.3066666666666667,0.063333333,0,9,0,0,0.01,2.6666666666666665,0.16666666666666666,0.31,0.012333333333333333,0.061,0
WHISKY,ML,0.4473,44.7252,250,0.1,0,0,0,0,0.02,0,0.02,0.02,0,0.01,0,0.05,0,0,0,0,0,0,,,,0,0,0,0
YOGHURT,GR,0.0798,7.9807,82.8,11.86,2.63,3.44,0,127.74,0.05,0,0.05,0.59,0.5,0.03,0.14,0.08,0.39,0.03,7,7,0.37,27,0.06,4,0.2,1.65,0.893,0.092,13
ZANAHORIA,GR,0.0167,1.6748,60.92230769230769,8.503076923076923,2.5015384615384617,1.6892307692307693,1.7850000000000001,27.08846153846154,0.5238461538461539,0.009090909,0.5081818181818182,0.2907692307692308,10.081538461538461,0.055384615,0.055384615,0.746923077,0.2958333333333334,0.13461538461538464,1.3761538461538463,16.43166666666667,0.035833333333333335,518.69,0.7916666666666666,0.9899999999999999,16.203333333333337,0.6223333333333333,0.8255833333333333,1.0795000000000001,9.614833333333335